user_1,user_2,user_3,user_4,user_5,user_6,user_7,user_8,user_9,user_10,user_11,user_12,user_13,user_14,user_15,user_16,user_17,user_18,user_19,user_20,user_21,user_22,user_23,user_24,user_25,user_26,user_27,user_28,user_29,user_30,user_31,user_32,user_33,user_34,user_35,user_36,user_37,user_38,user_39,user_40,user_41,user_42,user_43,user_44,user_45,user_46,user_47,user_48,user_49,user_50,user_51,user_52,user_53,user_54,user_55,user_56,user_57,user_58,user_59,user_60,user_61,user_62,user_63,user_64,user_65,user_66,user_67,user_68,user_69,user_70,user_71,user_72,user_73,user_74,user_75,user_76,user_77,user_78,user_79,user_80,user_81,user_82,user_83,user_84,user_85,user_86,user_87,user_88,user_89,user_90,user_91,user_92,user_93,user_94,user_95,user_96,user_97,user_98,user_99
1570637190870499330,1570637175162834944,1570637143147683840,1570637116568391681,1570637012436418560,1570636854344691712,1570636734102372359,1570636714649198596,1570636657396944898,1570636655748616194,1570636623465054208,1570636547795595265,1570636502518091776,1570636379541086209,1570636354006159368,1570636351154061316,1570636304316243975,1570636207268462592,1570636168278016001,1570636163605762050,1570636133054427136,1570636126289022976,1570636096547192835,1570636095528009729,1570636093028175874,1570636089802764288,1570636086707376128,1570636085709123585,1570636023092346882,1570636001055473664,1570635893962166274,1570635847468482562,1570635754988253185,1570635726194364417,1570635662801666048,1570635644921348096,1570635524125372416,1570635446996332544,1570635424821030916,1570635410988204032,1570635387609182209,1570635344118435840,1570635260970541058,1570635242922442752,1570635147439140866,1570635096675483648,1570635091101229057,1570635043500093442,1570635038601125889,1570634996649721857,1570634837844987904,1570634825232683010,1570634818463105026,1570634798636601344,1570634792915603459,1570634774171234304,1570634749802348545,1570634724607143936,1570634699328061442,1570634678562066433,1570634656420335617,1570634590737567749,1570634546361802753,1570634532306694144,1570634529643335680,1570634495908548609,1570634325410062337,1570634325212934144,1570634182984081409,1570634181709017091,1570634175962820608,1570634129989062656,1570634123613708292,1570634121340424192,1570634046543384576,1570634001169412096,1570633999193874434,1570633987785367555,1570633981024161793,1570633969359790080,1570633966352470022,1570633907435081729,1570633858391113733,1570633827441332228,1570633755441917952,1570633697384366080,1570633643760160768,1570633479121141760,1570633456115404801,1570633420824547328,1570633402495434754,1570633277958131713,1570633270370664448,1570633241840979968,1570633218977824769,1570633165567569921,1570633145032257539,1570633131769884674,1570633100224524290
in,in,sv,in,in,in,in,in,in,in,in,ht,in,sv,in,in,in,in,in,in,tl,ja,in,in,in,in,in,in,in,en,es,in,in,ja,in,in,in,in,en,en,in,in,in,tl,in,in,tl,in,in,in,in,ja,in,in,in,in,in,in,in,in,in,in,in,in,in,in,in,ht,in,in,in,ja,in,in,in,in,in,in,in,in,in,in,in,ja,in,in,in,ja,in,in,in,in,in,in,in,in,in,in,in
rchmnda,KikoReza,shopamerfashion,sumireurii,salinaismile,astqers,axdwin,xsilxxx,OmedaUnity,luludamyt,victoryBIGwin1,KarlitaPH_,yp_orgsukses,profinlandia,OxWinOx,tuthsndtoee_,alyahusni2,ariza_23,BlokaMedia,BlokaMedia,nikolx__,runa__nana,agreeculture_id,Oxbigwin100x,agreeculture_id,agreeculture_id,eleanvorism_,agreeculture_id,punyachoso,SUNSUNA03,RepartoDigital,agvy_1406,kiyodt,tacchonchon468,digitrencoid,erikhsabu,MyStiFu00,sadcuyneverwin,DawnDiamond,SUNSUNA03,sunsetseesaw,de_arasyy7,Faiz_Rukia,_jeoncookyy,NoorRolan,nialurun__,yugyeom_little,gempita45,Militan_Mbois27,ariefrerefauzha,melameelll,chizu1371,temanultramen,Khojan7,yedidakaren_,Betawi15074997,ahnhannii_,r3dpelpet,MINI21O4,marSyaheedAS,cikk_nabieyla,NgkongRoses,Naramawinea0,0xpikpikolimpik,atisundaraa,biolahitam,Ramay4na,afiqrazak,JurixHama,Misstaewin1,VigiYotus,tacchonchon468,parlinburman84,kohonussa_latu,BP_Kaskus,singantukan,cil_story,Risky80852157,ArtOfpol,danaenaraa,joseph_hono,mieja_ibrahim,OxSal_bigwins,runa__nana,BeasiswaCerdas,karikaturari,AnastasiaIke690,Getemono_Piroge,coconutchouchou,gasukadiklakson,sya58768200,drezlaen_,saiful2172,Rozak_opo,chocoberryuyu,afiqrazak,piphiqu,JurixHama,mentimunbongkok
https://pbs.twimg.com/profile_images/1552703952852238336/g1315Sv8_normal.jpg,https://pbs.twimg.com/profile_images/1522124473947672576/lYdJxBdc_normal.jpg,https://pbs.twimg.com/profile_images/1274515863916380162/ArARVOzc_normal.jpg,https://pbs.twimg.com/profile_images/1528329965137059842/1TvOvpiY_normal.jpg,https://pbs.twimg.com/profile_images/442434958263463936/xoNlvbqS_normal.jpeg,https://pbs.twimg.com/profile_images/1570206522575302657/Mz46bGHY_normal.jpg,https://pbs.twimg.com/profile_images/1550276889322725376/EoiXZMga_normal.jpg,https://pbs.twimg.com/profile_images/1561046153533149185/D-mXvCH6_normal.jpg,https://pbs.twimg.com/profile_images/1356359186200711168/xxBEk65N_normal.jpg,https://pbs.twimg.com/profile_images/1524928749996691456/nia0ovts_normal.jpg,https://pbs.twimg.com/profile_images/1568939994865364992/AsBaKfxU_normal.jpg,https://pbs.twimg.com/profile_images/1566051845239214081/ko9QbwC9_normal.jpg,https://pbs.twimg.com/profile_images/1551173019162161152/WvZ2b949_normal.jpg,https://pbs.twimg.com/profile_images/1405566274160234505/S10OhWB2_normal.jpg,https://pbs.twimg.com/profile_images/1568606175406751746/wtlfJKPD_normal.jpg,https://pbs.twimg.com/profile_images/1563754681977176066/r42u360B_normal.jpg,https://pbs.twimg.com/profile_images/1524928681646632961/neytmQK7_normal.jpg,https://pbs.twimg.com/profile_images/1551807740112121856/qaaWsreg_normal.jpg,https://pbs.twimg.com/profile_images/1525770507575906304/I9KLl79V_normal.jpg,https://pbs.twimg.com/profile_images/1525770507575906304/I9KLl79V_normal.jpg,https://pbs.twimg.com/profile_images/1568859867598946305/eu-qVO9A_normal.jpg,https://pbs.twimg.com/profile_images/1548428743999627264/ZUlz_V9l_normal.jpg,https://pbs.twimg.com/profile_images/1305704797664759808/lrki_wpa_normal.jpg,https://pbs.twimg.com/profile_images/1536728359182299139/b_UWRny4_normal.jpg,https://pbs.twimg.com/profile_images/1305704797664759808/lrki_wpa_normal.jpg,https://pbs.twimg.com/profile_images/1305704797664759808/lrki_wpa_normal.jpg,https://pbs.twimg.com/profile_images/1568268794589749249/BVPVK5Lv_normal.jpg,https://pbs.twimg.com/profile_images/1305704797664759808/lrki_wpa_normal.jpg,https://pbs.twimg.com/profile_images/1560396280760639489/TGrxuQnP_normal.jpg,https://pbs.twimg.com/profile_images/1552875274538143745/jO6_Kha0_normal.jpg,https://pbs.twimg.com/profile_images/1020445498854060038/LFyTlT_2_normal.jpg,https://pbs.twimg.com/profile_images/1548629914689351681/OhNnduDC_normal.jpg,https://pbs.twimg.com/profile_images/1445743397357035530/WzeaY68__normal.jpg,https://pbs.twimg.com/profile_images/1540715683025424385/6IGmvf2D_normal.jpg,https://pbs.twimg.com/profile_images/1506075707373662210/oJYQ5dmB_normal.jpg,https://pbs.twimg.com/profile_images/1568172465951764480/b5xukeCw_normal.jpg,https://pbs.twimg.com/profile_images/1569263134384476162/t4Qc1NSc_normal.jpg,https://pbs.twimg.com/profile_images/1569224540848537601/oZoik_QW_normal.jpg,https://pbs.twimg.com/profile_images/1569929856431050753/pofpaKnT_normal.jpg,https://pbs.twimg.com/profile_images/1552875274538143745/jO6_Kha0_normal.jpg,https://pbs.twimg.com/profile_images/1569254362027020288/nuGp_-Ot_normal.jpg,https://pbs.twimg.com/profile_images/1526878268296527872/VnbFHzyp_normal.jpg,https://pbs.twimg.com/profile_images/905832695724359682/zmRuEC3S_normal.jpg,https://pbs.twimg.com/profile_images/1560648127476289539/1PFLZGPH_normal.jpg,https://pbs.twimg.com/profile_images/858872817953120256/XYsn-9sC_normal.jpg,https://pbs.twimg.com/profile_images/1537291068055490565/F6DTmwuv_normal.jpg,https://pbs.twimg.com/profile_images/1534931162639917058/Ak5Gxhyz_normal.jpg,https://pbs.twimg.com/profile_images/1536218561181814784/afrvB16f_normal.jpg,https://pbs.twimg.com/profile_images/1235407630278864896/j2N8CNKO_normal.jpg,https://pbs.twimg.com/profile_images/768305048535216129/dGiKDBP8_normal.jpg,https://pbs.twimg.com/profile_images/1567178279798607874/cIPzIuZS_normal.jpg,https://pbs.twimg.com/profile_images/1566102484778893313/PNcVAc1r_normal.jpg,https://pbs.twimg.com/profile_images/1565625468027813889/_C3-0UXd_normal.jpg,https://pbs.twimg.com/profile_images/1503540758514610177/nPC56YkS_normal.jpg,https://pbs.twimg.com/profile_images/1486544309818064896/q3PDs0vd_normal.jpg,https://pbs.twimg.com/profile_images/1532999365693820930/jST7NaNa_normal.jpg,https://pbs.twimg.com/profile_images/1570565336176689152/6BppeKc0_normal.jpg,https://pbs.twimg.com/profile_images/1561768189100707840/z6VeW4Px_normal.jpg,https://pbs.twimg.com/profile_images/1358273107882987529/EGUxl4cg_normal.jpg,https://pbs.twimg.com/profile_images/1392484303183912965/KNBy5Dlj_normal.jpg,https://pbs.twimg.com/profile_images/1526573931410628608/uOsOSLoI_normal.jpg,https://pbs.twimg.com/profile_images/1559148385835266050/bJDsqoXa_normal.jpg,https://pbs.twimg.com/profile_images/1568800990828331010/WZ1u0YbA_normal.jpg,https://pbs.twimg.com/profile_images/1555015599113515008/_OznzBW2_normal.jpg,https://pbs.twimg.com/profile_images/1568806326469545987/Gn3g592R_normal.jpg,https://pbs.twimg.com/profile_images/1352592039167328257/SJpIxMZV_normal.jpg,https://pbs.twimg.com/profile_images/1553978603934973952/_F1LbtMP_normal.jpg,https://pbs.twimg.com/profile_images/1505022587696726022/rdhUxvgd_normal.jpg,https://pbs.twimg.com/profile_images/1569364797543817216/v4vGoRUC_normal.jpg,https://pbs.twimg.com/profile_images/1554898019887497216/DaBBLcdG_normal.jpg,https://pbs.twimg.com/profile_images/1507324988671799296/JfpkGOFq_normal.jpg,https://pbs.twimg.com/profile_images/1540715683025424385/6IGmvf2D_normal.jpg,https://pbs.twimg.com/profile_images/1568919002378031104/gWa8Mv2q_normal.jpg,https://pbs.twimg.com/profile_images/1568469814943035393/EJcXJZXX_normal.jpg,https://pbs.twimg.com/profile_images/900739974013657088/EGH8Wrpq_normal.jpg,https://pbs.twimg.com/profile_images/1524376987871379458/krGa3Git_normal.jpg,https://pbs.twimg.com/profile_images/1429059234772049933/eMfjux9l_normal.jpg,https://pbs.twimg.com/profile_images/1455000780931358727/Vr5GOWjx_normal.jpg,https://pbs.twimg.com/profile_images/1518143292340600832/gI0D7C3s_normal.jpg,https://pbs.twimg.com/profile_images/1502970735643750403/bKScDmLm_normal.jpg,https://pbs.twimg.com/profile_images/1426413606124462082/ruswJ3mD_normal.jpg,https://pbs.twimg.com/profile_images/1516448602562134020/m8eDRhVA_normal.jpg,https://pbs.twimg.com/profile_images/1568745868949614592/eSSgnp04_normal.jpg,https://pbs.twimg.com/profile_images/1548428743999627264/ZUlz_V9l_normal.jpg,https://pbs.twimg.com/profile_images/1569893694123421699/USq_r2Qy_normal.jpg,https://pbs.twimg.com/profile_images/1529116835131535360/XOs8yX1G_normal.jpg,https://pbs.twimg.com/profile_images/1568740440937230336/X5xSzOpZ_normal.jpg,https://pbs.twimg.com/profile_images/1396704182728495105/8sCz62JP_normal.jpg,https://pbs.twimg.com/profile_images/1181942180685860864/P8uCKLH0_normal.jpg,https://pbs.twimg.com/profile_images/1569230841959817216/AkJo-Ju9_normal.jpg,https://pbs.twimg.com/profile_images/1569650844630683649/oAIAgwzo_normal.jpg,https://pbs.twimg.com/profile_images/1565149884495572994/x_OPp5og_normal.jpg,https://pbs.twimg.com/profile_images/1461892181967314948/M0RdxK_C_normal.jpg,https://pbs.twimg.com/profile_images/1564212086925717504/bB5_wX7w_normal.jpg,https://pbs.twimg.com/profile_images/1359395369419829248/Izk9GHit_normal.jpg,https://pbs.twimg.com/profile_images/1505022587696726022/rdhUxvgd_normal.jpg,https://pbs.twimg.com/profile_images/1569616345301680129/ICLAh2JY_normal.jpg,https://pbs.twimg.com/profile_images/1569364797543817216/v4vGoRUC_normal.jpg,https://pbs.twimg.com/profile_images/1482758723659780097/WwKfZA6A_normal.jpg
@sbyfess jangan lupa minum kopi hh ez,"@mabagemesss Bilang aja gini... Bang, kmu percaya g Klo kopi itu item... Burung kmu item g? Coba sini aku validasi...",RT @profinlandia: üá∏üá™üá´üáÆ B√§sts√§ljare Monkey Business Coffee - Vilda Kopi Luwak Malda Kaffeb√∂nor- Etiskt Framst√§llda - 1 Kilogram (Andra Vikte‚Ä¶,mengamati gimana yg lain make mesin kopi biar gue ga planga plongo pas ntar nyeduh,"Breakfast kopi dan roti bakor (@ Kedai Kopi Kuala Dungun in Kuala Dungun, Terengganu) https://t.co/gNIXMMDHD0 https://t.co/I5nTRmKZze",mending makan atau beli kopi ya?,"RT @JannahLulu1: Kopi Robusta Toratima, kopi istimewa dari fermentasi mulut Tangali. Diseleksi langsung oleh Tangali dengan memilih buah ko‚Ä¶",RT @mieja_ibrahim: Alhamdulillah harini dari start bukak 10am until now customer datang tak putus putus. Harini ada 3 orang staff kat stati‚Ä¶,"Kopi buatan afo seperti hidupku, sedikit manis banyak pahitnya.","Elektabilitas Puan Maharani tak hanya unggul atas Megawati akan tetapi unggul atas beberapa nama lainnya seperti Sri Mulyani, Susi Pudjiastuti hingga Khofifah Indar Parawangsa dan Tri Rismaharini. https://t.co/skJwtUykqm PM2024","RT @edisusanto888: 5 pkt sembako u.5acc isi paket üëá
1 bag beras  @ 5kg
1  btl minyak greng @ 1kg
1 bks gula @ 1 kg
1 bks kopi kpal api @ 38‚Ä¶",kopi date anyone? ‚òï https://t.co/8ih067BBV0,"RT @tantryaf: üçπgelas-gelas yang bisa bikin minuman buatan sendiri terlihat aestheticüçπ

‚Äî a thread ‚úø

#Ô∏è‚É£ #rekomendasishopee #shopeehaul #Ju‚Ä¶",üá∏üá™üá´üáÆ B√§sts√§ljare Monkey Business Coffee - Vilda Kopi Luwak Malda Kaffeb√∂nor- Etiskt Framst√§llda - 1 Kilogram (Andra Vikter Och B√∂nor Tillg√§ngliga) - Producerad I Indonesien https://t.co/5eSRUXt88z K√∂p nu! ‚úÖ Osta nyt! #livsmedel #mat #godis,"RT @edisusanto888: 5 pkt sembako u.5acc isi paket üëá
1 bag beras  @ 5kg
1  btl minyak greng @ 1kg
1 bks gula @ 1 kg
1 bks kopi kpal api @ 38‚Ä¶",bm kopi liong,"Dengan Elektabilitas politikus perempuan Ketua DPR RI Puan Maharani mengalahkan Ketua Umum PDIP Megawati Soekarnoputri pada survei calon presiden (capres). 
https://t.co/iqMe5PYOxC PM2024",RT @_mardial_: Maaf sebelumnya. Saya hanya ingin meluruskan saja bukanya sok pinter atau sok bijak. Namun kalau ku pandang kerlip bintang n‚Ä¶,"Hotel Pelangi, Hotel Tertua di Kota Malang Ini Dulu Sempat Jadi Penginapan Petani dan Tebu dari¬†Pasuruan https://t.co/3QcDw9587w","Hotel Pelangi, Hotel Tertua di Kota Malang Ini Dulu Sempat Jadi Penginapan Petani dan Tebu dari¬†Pasuruan https://t.co/3QcDw95FX4","sa iced kopi lang nila ako may tiwala talaga pota,, never na uulit sa choco",@lgm_kopi_1122 ÈñìÈÅï„ÅÑ„Å™„ÅÑÁ¨ëÁ¨ë,"di mata dunia.

Kopi favorit #SobiAgree apa nih? Sharing di kolom komentar, ya!

#AgreePartner #Agree #AgreeMart #AgreeMarket #AgreeFisheries #AgreeModal #AgreeTelkom #ConnectingTheDotsinAgriculture","RT @edisusanto888: 5 pkt sembako u.5acc isi paket üëá
1 bag beras  @ 5kg
1  btl minyak greng @ 1kg
1 bks gula @ 1 kg
1 bks kopi kpal api @ 38‚Ä¶","menjangkau pasar dunia dan bisa menjadi eksportir produk olahan kopi.

Dalam event ini, Agree Market dimanfaatkan sebagai pusat transaksi antara konsumen Eropa dengan petani kopi Indonesia. Tak hanya itu saja, lewat Agree Market juga bisa meningkatkan value petani kopi Indonesia","menyelenggarakan Pasar Kopi di Amsterdam pada 1-7 September 2022.

Besar harapan lewat event ini, konsumen internasional khususnya yang berasal dari Eropi bisa mengenal berbagai jenis kopi berkualitas dari Indonesia. Dengan begitu, pangsa pasar kopi anak negeri bisa semakin luas","RT @edisusanto888: 5 pkt sembako u.5acc isi paket üëá
1 bag beras  @ 5kg
1  btl minyak greng @ 1kg
1 bks gula @ 1 kg
1 bks kopi kpal api @ 38‚Ä¶","Sekarang ini kopi udah melekat dan menjadi teman bekerja buat mayoritas orang. Tren kedai kopi dan bisnis coffee shop pun sudah merebak di mana-mana. Nah, untuk mendukung perkembangan tren industri kopi Indonesia, Roemah Indonesia BV berkolaborasi dengan PMO Kopi Nusantara untuk https://t.co/LPEd5B8NFZ",kopi u @shxkkaku https://t.co/V0xlrLfecC,"RT @kuromistudio: ‚†Ä‚†Äü¶¢ü©∞ Happy Birthday Sunoo ! Íîõ

‚ú¶ ENHYPEN Sunoo Birthday Cupsleeve Event üß∏üíó

Íí∞ üìì Íí± Saturday, June 25th 2022
Íí∞üìçÍí± Kopi Chuse‚Ä¶",üîµ Todo lo que necesitas saber sobre el √∫nico caf√© que se produce a partir de la caca de un animal https://t.co/XvLNrZE7LG,"@sbyfess Obelix hills, kopi klotok, agrowisata bumi merapi","bnr mau bobo sebentar, tpi tdi minum kopi, perut sakit, dan jg terlalu excited jdi gak ngantuk cjdndjbdudbd fuck",@chizu1371 @kopi_121O ÈÄÜ„Å´Ê∞∑Â∑ù„Åç„Çà„Åó„Åå„Åì„Å¥„Å´Ë¶ã„Åà„Å¶„Åç„Åü,Jual Murah ABC Susu 31 gr (Rtg12X10X31Gr) 120pcs/karton 00J.KPASU.G0313101XX Digitren https://t.co/2qEbTXqc9v #dki-jakarta #jakarta-barat #kopi-bubuk #pt-jaya-utama-santikah,"RT @edisusanto888: 5 pkt sembako u.5acc isi paket üëá
1 bag beras  @ 5kg
1  btl minyak greng @ 1kg
1 bks gula @ 1 kg
1 bks kopi kpal api @ 38‚Ä¶","RT @edisusanto888: 5 pkt sembako u.5acc isi paket üëá
1 bag beras  @ 5kg
1  btl minyak greng @ 1kg
1 bks gula @ 1 kg
1 bks kopi kpal api @ 38‚Ä¶","RT @edisusanto888: 5 pkt sembako u.5acc isi paket üëá
1 bag beras  @ 5kg
1  btl minyak greng @ 1kg
1 bks gula @ 1 kg
1 bks kopi kpal api @ 38‚Ä¶","@dwikaputra U got this, Mas Dwik. She must be very proud of you. Yuk lah kopi darat!","RT @shiningmaknaes: Kim Sunoo Birthday Cupsleeve Event at Kopi Chuseyo by @NOOBARAGI 

See you guys tomorrow!!ü¶äüíñ

üìçYogyakarta, Indonesia

#‚Ä¶",nyobain yang katanya kopi paling enak di jogja ü§î https://t.co/6h8OPzwaAZ,"RT @edisusanto888: 5 pkt sembako u.5acc isi paket üëá
1 bag beras  @ 5kg
1  btl minyak greng @ 1kg
1 bks gula @ 1 kg
1 bks kopi kpal api @ 38‚Ä¶",Walaupun ku tak minum kopi ü§≠ü§≠ https://t.co/wmQ8QLKXBk,so ngide minum kopi,"Kopi Sehat bagi Anda para pecinta kopi.

Perbedaan Hazcofe dengan kopi lainnya :
1. Aman untuk penderita diabetes
2. Rasa hazelnut lebih terasa
3. Kopi sultan, harga terjangkau
4.. Bisa seduh dingin &amp; panas
5. Kemasan mudah di bawa. https://t.co/jvc45MAxid","The worst coffee ever! Tak pernah lagi frust beli kopi se-frust macam ni, dari segi rasa-ambience-service semua frustrated. Tengok review sape tah recommended sini, tak tau nak describe tekak dia minum kopi macam mana ü•≤ https://t.co/WZo0xKSsVu","RT @OneandOnlyGOT7_: üçë SHINING ON JINYOUNG'S DAYüçë
 
Jinyoung's Birthday project by @youngandlynn &amp; @OneandOnlyGOT7_

üóì Kamis, 22 Sept 2022‚Ä¶",RT @cakimiNOW: Dikasih kopi mahal dari Bali sama mas @Ryan_Ramirez temannya mas @AdibHidayat https://t.co/owdkpw7fGN,@GSyndicate27 kopi pangku onok gak ?,@Widino Untung bukan kopi maniak..mending ngeteh aja deh,@MahasiswaUMS suga kopi,@tacchonchon468 @kopi_121O Ê∞∑Â∑ù„Åç„Çà„Åó„Å†„Å™„Éº,"Saran merk kopi arabica yg medium dong
Pen vietnam drip dirumah","@mentimunbongkok @CNNIndonesia Negara klo di jalankan seperti kedai kopi ya begini akibatnya,amburadul,yg kaya makin sultan,yg miskin makin ngeblangsak",RT @strike_bravo_b: @PerkasaHabsyah @evylagi Kurang kopi kurang briefing ini üòÇ,"RT @mihrabku: Kuntet @_ekokuntadhi urusanmu belum kelar!!!

Mas @ganjarpranowo, coba ajak Kuntet ngopi di Rumdin dan kabari saya. Biar saya‚Ä¶","Jika kamu penikmat kopi dan senja, maka izinkanlah aku mencintaimu tanpa henti dan jeda

@yoehyon https://t.co/SexIVWPfTt",@rchmatf_ nitip kopi item tanpa gula soalnya manisnya udah di aku jiakh,"RT @mihrabku: Kuntet @_ekokuntadhi urusanmu belum kelar!!!

Mas @ganjarpranowo, coba ajak Kuntet ngopi di Rumdin dan kabari saya. Biar saya‚Ä¶","RT @mihrabku: Kuntet @_ekokuntadhi urusanmu belum kelar!!!

Mas @ganjarpranowo, coba ajak Kuntet ngopi di Rumdin dan kabari saya. Biar saya‚Ä¶","RT @Tojimato: SLOW LIVING‚Äî
Ibu dan ayah duduk di beranda menghirup kopi hitam panas, menjamah ubi kayu rebus cicah kelapa parut dan gula. A‚Ä¶",RT @JurixHama: @VicCervantes3 @thetonyclifton1 @oliverQ60061679 @NancyHaddad41 @IMCarson1 @1shotannie @ROCKETMANVIC @We_need1776 @Musksboy‚Ä¶,"RT @ghost_cribo: kopi ku siang ini sengaja tidak kuaduk..
agar manisnya belakangan...
sebab, aku telah bosan dengan yang manis diawaL saja.‚Ä¶","RT @edisusanto888: 5 pkt sembako u.5acc isi paket üëá
1 bag beras  @ 5kg
1  btl minyak greng @ 1kg
1 bks gula @ 1 kg
1 bks kopi kpal api @ 38‚Ä¶","di angkringan mnyeduh kopi sembari ngobrol dngan bpak2 pnjahit spatuu. hdup mmang luas, pkiran kita yng smpitt https://t.co/eCeX8jS20T",Semasa magang hanya disuruh beli kopi dan benerin printer. https://t.co/29ZuSx7zWD,"RT @ArtOfpol: Menteri BUMN @erickthohir mengatakan, Indonesia itu salah satu negara penghasil Kopi Terbaik di Dunia, Menteri Erick Meminta‚Ä¶",@naufalafiqramli ooo kopi o lahh okay,"@detikcom CARA LEBIH NIKMAT MINUM KOPI
gurih dan nikmat üëç

Nebeng Promo Sedulur NKRI
#UmkmTalagaNatureCulture
Gula Aren Rempah (cair) KINOGY
#diabetesfriendly  seharga Rp15.000. Dapatkan sekarang juga di Shopee! https://t.co/YFjhL0ANo1 https://t.co/edf6zy5FQY","RT @edisusanto888: 5 pkt sembako u.5acc isi paket üëá
1 bag beras  @ 5kg
1  btl minyak greng @ 1kg
1 bks gula @ 1 kg
1 bks kopi kpal api @ 38‚Ä¶","@fbfebe @infeirrr halo halo,..ada kopi, terang bulan, Oslo foods dan celoteh ""akutuu"", ""mumet"" dan ""bisa gilaaa!!""",@kopi_121O Ê∞∑Â∑ù„Åç„Çà„Åó„Åã„Å™„Éº,Kirimin lah Kopi nya... Di kantor nya aku tungguin kebanyakan kopi sasetan üôà https://t.co/OZCVCM58BD,"Santui siang 
Kopi buatan @elvrizen mantap https://t.co/yWf7mKNyvG","RT @lantip: rangorang jiwa korsa disebut gerombolan, marah-marah.

programmer disebut ""cuma klak-klik kopi paste"": https://t.co/YRjfWFCUU2","@bencana_alam2 @dhikaaaw Barusan kejadian, gua bikin kopi, bales chat bentar, langsung gua seruput. gaada rasa. ku kira kopit. Eh, lupa diaduküôÇ",@BANKBRI_ID aku bakalan ke kopi giling kalo lagi gajian,"RT @edisusanto888: 5 pkt sembako u.5acc isi paket üëá
1 bag beras  @ 5kg
1  btl minyak greng @ 1kg
1 bks gula @ 1 kg
1 bks kopi kpal api @ 38‚Ä¶","Menteri BUMN @erickthohir mengatakan, Indonesia itu salah satu negara penghasil Kopi Terbaik di Dunia, Menteri Erick Meminta BUMN untuk membangun ekosistem, dimana kita tidak boleh menomerduakan Petani.

#BangkitBersamaET https://t.co/MlwVrtdeEk","RT @edisusanto888: 5 pkt sembako u.5acc isi paket üëá
1 bag beras  @ 5kg
1  btl minyak greng @ 1kg
1 bks gula @ 1 kg
1 bks kopi kpal api @ 38‚Ä¶","RT @edisusanto888: 5 pkt sembako u.5acc isi paket üëá
1 bag beras  @ 5kg
1  btl minyak greng @ 1kg
1 bks gula @ 1 kg
1 bks kopi kpal api @ 38‚Ä¶","Alhamdulillah harini dari start bukak 10am until now customer datang tak putus putus. Harini ada 3 orang staff kat station.

Orang Cheras kalau teringin nak minum kopi, meh datang Kopi Saigon Bandar Sri Permaisuri ü§ó https://t.co/VCe5qBcAWa","RT @edisusanto888: 5 pkt sembako u.5acc isi paket üëá
1 bag beras  @ 5kg
1  btl minyak greng @ 1kg
1 bks gula @ 1 kg
1 bks kopi kpal api @ 38‚Ä¶","@lgm_kopi_1122 „Å†„Å£„Å¶Âè£Ëßí„ÅßÂ§©‰∫ïÁ™Å„ÅçÂà∫„Åô„Å†„Åë„Å™„Çâ„Åæ„Å†„Åó„ÇÇ
„Çà„Åè„Çè„Åã„Çâ„ÇìÂ•áÂ£∞Áô∫„Åï„Çå„Åü„Çâ„ÄÅ„ÄÅ„ÄÅ","harga pupuk perangsang buah,harga pupuk perangsang buah kelengkeng,harga pupuk perangsang buah durian,harga pupuk perangsang akar,harga pupuk perangsang buah kopi,jual pupuk cair perangsang buah dan bunga https://t.co/jNunL2p9wi","@theresia_citra mah itu tuh,haruse di kopi ada cash,nanti lak pul senyom.,,,,,","RT @edisusanto888: 5 pkt sembako u.5acc isi paket üëá
1 bag beras  @ 5kg
1  btl minyak greng @ 1kg
1 bks gula @ 1 kg
1 bks kopi kpal api @ 38‚Ä¶","RT @YusukeAsobe: ÈÅéÂéª„ÇÆ„Çø„Éº„ÇíÂºæ„Åã„Åõ„Å¶„ÅÑ„Åü„Å†„ÅÑ„Åü‰ΩúÂìÅ„Åß„Åô„ÄÇ
‰ΩúÊõ≤„ÅØ@sushi0422 „Åè„Çìü§≤

„Åì„Å¥„Äé„Çª„É≥„Éà„Ç®„É´„É¢„Äè(Kopi ""St. Elmo"")¬† Music Video https://t.co/Kkchf52szU @YouTube„Çà„Çä

„Åì„Å¥„Äé„Éà„É≠‚Ä¶",kopi kemaren tapi yaudahlah upload aja https://t.co/YGbUwRadqB,"akhirnya beli es teh sama gado-gado awkwkkwkw
kayaknya emang jenuh sama geprek dan es kopi, jadi butuh yang fresh","RT @edisusanto888: 5 pkt sembako u.5acc isi paket üëá
1 bag beras  @ 5kg
1  btl minyak greng @ 1kg
1 bks gula @ 1 kg
1 bks kopi kpal api @ 38‚Ä¶","kopi susu gula aren.
üòµ‚Äçüí´","RT @mihrabku: Kuntet @_ekokuntadhi urusanmu belum kelar!!!

Mas @ganjarpranowo, coba ajak Kuntet ngopi di Rumdin dan kabari saya. Biar saya‚Ä¶","Pen sarungan kaosan kopyahan di warung kopi sendiri dgn pemandangan sawah
Asyikk",Perasaan kemarin gak makan aneh - aneh deh kopi pun enggak kok sakit sih ni perut üò≠üò≠,@naufalafiqramli kopi o is it,@sbyfess Kopi klotok,"@VicCervantes3 @thetonyclifton1 @oliverQ60061679 @NancyHaddad41 @IMCarson1 @1shotannie @ROCKETMANVIC @We_need1776 @Musksboy @jlee4512093 @TsrLegend @ParrishSeddley @JennLIreland @KarenWi41053829 @Dave51485178 @Vinny88991028 @Vito53904302 CARA LEBIH NIKMAT MINUM KOPI
gurih dan nikmat üëç

Nebeng Promo Sedulur NKRI
#UmkmTalagaNatureCulture
Gula Aren Rempah (cair) KINOGY
#diabetesfriendly  seharga Rp15.000. Dapatkan sekarang juga di Shopee! https://t.co/YFjhL0ANo1 https://t.co/edf6zy5FQY",@Khojan7 @CNNIndonesia tuduhan kadrun selalu tanpa bukti. hanya bualan kedai kopi.
