user_1,user_2,user_3,user_4,user_5,user_6,user_7,user_8,user_9,user_10,user_11,user_12,user_13,user_14,user_15,user_16,user_17,user_18,user_19,user_20,user_21,user_22,user_23,user_24,user_25,user_26,user_27,user_28,user_29,user_30,user_31,user_32,user_33,user_34,user_35,user_36,user_37,user_38,user_39,user_40,user_41,user_42,user_43,user_44,user_45,user_46,user_47,user_48,user_49,user_50,user_51,user_52,user_53,user_54,user_55,user_56,user_57,user_58,user_59,user_60,user_61,user_62,user_63,user_64,user_65,user_66,user_67,user_68,user_69,user_70,user_71,user_72,user_73,user_74,user_75,user_76,user_77,user_78,user_79,user_80,user_81,user_82,user_83,user_84,user_85,user_86,user_87,user_88,user_89,user_90,user_91,user_92,user_93,user_94,user_95,user_96,user_97,user_98,user_99,user_100
1570635662801666048,1570634590737567749,1570634182984081409,1570633131769884674,1570633016086769664,1570632817108979712,1570623049564815363,1570622971676598279,1570622883814313984,1570618537592631297,1570616564717854725,1570614374557184000,1570612886699122688,1570612812548046848,1570612625058459652,1570612367100346370,1570612093984079876,1570611660125278211,1570608044719091717,1570607978138701824,1570603674510172161,1570602120214347783,1570601559628877825,1570600466207379456,1570600061486379008,1570598203925606400,1570597072709230592,1570596423347081216,1570596142077087745,1570596096602427392,1570596025274109952,1570595767307632643,1570593635573567490,1570591957831004161,1570591588539310081,1570590803541762049,1570587046821101569,1570586992269991937,1570586441377533952,1570586358732951553,1570584955218194433,1570584703895490561,1570584321471422466,1570584201229119488,1570584139694481408,1570583943833059328,1570583892528332801,1570583121770450944,1570582030165114881,1570579011830706178,1570578214107348992,1570576253274689536,1570574404048023554,1570573458119204867,1570573409884737538,1570548599137906689,1570491888125509632,1570491293008265216,1570490481704071168,1570470956157800448,1570464121963028480,1570457352377348098,1570455840808894473,1570453309282222080,1570452340507017216,1570452198303346688,1570443975433285632,1570436448352075778,1570436321717649410,1570432639697588224,1570427762795749376,1570425321454964742,1570423175330279424,1570422287261913088,1570422172551876614,1570421908247842818,1570413805422911488,1570406402769973252,1570405411999862788,1570402099527307264,1570395967387742209,1570395949486444546,1570395889935740928,1570395855529840640,1570395829583876105,1570395688676229121,1570392298504224769,1570388661182812160,1570386519818653697,1570385911665553416,1570385649609613313,1570385084808826883,1570384997315649536,1570384473224794121,1570384167921418240,1570374668074491910,1570355830226288640,1570355645437874178,1570355551200227329,1570354544399515653
in,in,in,in,in,in,in,in,in,in,in,in,in,in,in,in,in,in,in,in,in,in,in,in,in,in,in,in,in,in,in,in,in,in,in,in,in,in,in,in,in,in,in,in,in,in,in,in,in,in,in,in,in,in,in,in,in,in,in,in,in,in,in,in,in,in,in,in,in,in,in,in,in,in,in,in,in,in,in,in,in,in,in,in,in,in,in,in,in,in,in,in,in,in,in,in,in,in,in,in
digitrencoid,NgkongRoses,JurixHama,JurixHama,JurixHama,JurixHama,Maria_Dzadina,TorajaKoffie,JurixHama,Dhoddy_budiman,patoradoz200,ismanto_danie,MeliaCoffee,MeliaCoffee,RofiqohAnita,dewaa_paksi,Kaaangdindin,MeliaCoffee,TorajaKoffie,TorajaKoffie,mbambangsugiono,wulan6892,dinda04890918,thoriqmm,organik_petani,TorajaKoffie,TorajaKoffie,TorajaKoffie,TorajaKoffie,TorajaKoffie,TorajaKoffie,TorajaKoffie,organik_petani,fajar33864595,organik_petani,organik_petani,TorajaKoffie,TorajaKoffie,TorajaKoffie,TorajaKoffie,syazmnnn,TorajaKoffie,TorajaKoffie,TorajaKoffie,TorajaKoffie,TorajaKoffie,TorajaKoffie,nissaaudiva,rezekine_kulo,xdennnyxx,infobankbjb,AbinyaAri,fnnnnss,TorajaKoffie,TorajaKoffie,clarizanovitaa,juyeonpaw,itsnaonaoy,UbaidillahUrwah,DiskonTermurah,Racunsukasuka,prillooo01,peniti_meniti,kisscsable,sexisstence,mzbeeae27,jjjjinanie,ALL_AKSESORIS,ALL_AKSESORIS,Demarcoluxx,NgkongRoses,pencintatekwan,JurixHama,JurixHama,JurixHama,JurixHama,satu_gelombang,Hamishdauud,id_racunshopee,UbaidillahUrwah,UbaidillahUrwah,UbaidillahUrwah,UbaidillahUrwah,UbaidillahUrwah,UbaidillahUrwah,estrltIrn,WorkUntilDie,UbaidillahUrwah,optimuzhwang_,JurixHama,JurixHama,JurixHama,JurixHama,JurixHama,JurixHama,CvPassma,hiraethcrow,MeliaCoffee,MeliaCoffee,misni_p
https://pbs.twimg.com/profile_images/1506075707373662210/oJYQ5dmB_normal.jpg,https://pbs.twimg.com/profile_images/1559148385835266050/bJDsqoXa_normal.jpg,https://pbs.twimg.com/profile_images/1569364797543817216/v4vGoRUC_normal.jpg,https://pbs.twimg.com/profile_images/1569364797543817216/v4vGoRUC_normal.jpg,https://pbs.twimg.com/profile_images/1569364797543817216/v4vGoRUC_normal.jpg,https://pbs.twimg.com/profile_images/1569364797543817216/v4vGoRUC_normal.jpg,https://pbs.twimg.com/profile_images/1560167811376627713/ElSvhTJU_normal.jpg,https://pbs.twimg.com/profile_images/3781124978/806e9143e3eff14bdefe139e156640ed_normal.jpeg,https://pbs.twimg.com/profile_images/1569364797543817216/v4vGoRUC_normal.jpg,https://pbs.twimg.com/profile_images/1195762440694194176/t8fl8bqq_normal.png,https://pbs.twimg.com/profile_images/1355725465340628996/Kct7fQES_normal.jpg,https://pbs.twimg.com/profile_images/1534530561493979136/jMXOvukB_normal.jpg,https://pbs.twimg.com/profile_images/1566383168290058241/qnjxL_rB_normal.jpg,https://pbs.twimg.com/profile_images/1566383168290058241/qnjxL_rB_normal.jpg,https://pbs.twimg.com/profile_images/1563820738150563841/jyUQtho-_normal.jpg,https://pbs.twimg.com/profile_images/1568992279960125440/N9atYxvX_normal.jpg,https://pbs.twimg.com/profile_images/1560648128185106432/K184nRZ0_normal.jpg,https://pbs.twimg.com/profile_images/1566383168290058241/qnjxL_rB_normal.jpg,https://pbs.twimg.com/profile_images/3781124978/806e9143e3eff14bdefe139e156640ed_normal.jpeg,https://pbs.twimg.com/profile_images/3781124978/806e9143e3eff14bdefe139e156640ed_normal.jpeg,https://pbs.twimg.com/profile_images/1553629383520227330/861ajm8X_normal.jpg,https://abs.twimg.com/sticky/default_profile_images/default_profile_normal.png,https://abs.twimg.com/sticky/default_profile_images/default_profile_normal.png,https://pbs.twimg.com/profile_images/1317690875976151041/9kUz51zB_normal.jpg,https://pbs.twimg.com/profile_images/1548201936188350464/6yPFSPKN_normal.jpg,https://pbs.twimg.com/profile_images/3781124978/806e9143e3eff14bdefe139e156640ed_normal.jpeg,https://pbs.twimg.com/profile_images/3781124978/806e9143e3eff14bdefe139e156640ed_normal.jpeg,https://pbs.twimg.com/profile_images/3781124978/806e9143e3eff14bdefe139e156640ed_normal.jpeg,https://pbs.twimg.com/profile_images/3781124978/806e9143e3eff14bdefe139e156640ed_normal.jpeg,https://pbs.twimg.com/profile_images/3781124978/806e9143e3eff14bdefe139e156640ed_normal.jpeg,https://pbs.twimg.com/profile_images/3781124978/806e9143e3eff14bdefe139e156640ed_normal.jpeg,https://pbs.twimg.com/profile_images/3781124978/806e9143e3eff14bdefe139e156640ed_normal.jpeg,https://pbs.twimg.com/profile_images/1548201936188350464/6yPFSPKN_normal.jpg,https://abs.twimg.com/sticky/default_profile_images/default_profile_normal.png,https://pbs.twimg.com/profile_images/1548201936188350464/6yPFSPKN_normal.jpg,https://pbs.twimg.com/profile_images/1548201936188350464/6yPFSPKN_normal.jpg,https://pbs.twimg.com/profile_images/3781124978/806e9143e3eff14bdefe139e156640ed_normal.jpeg,https://pbs.twimg.com/profile_images/3781124978/806e9143e3eff14bdefe139e156640ed_normal.jpeg,https://pbs.twimg.com/profile_images/3781124978/806e9143e3eff14bdefe139e156640ed_normal.jpeg,https://pbs.twimg.com/profile_images/3781124978/806e9143e3eff14bdefe139e156640ed_normal.jpeg,https://pbs.twimg.com/profile_images/1545674714416582658/dYKRfffa_normal.jpg,https://pbs.twimg.com/profile_images/3781124978/806e9143e3eff14bdefe139e156640ed_normal.jpeg,https://pbs.twimg.com/profile_images/3781124978/806e9143e3eff14bdefe139e156640ed_normal.jpeg,https://pbs.twimg.com/profile_images/3781124978/806e9143e3eff14bdefe139e156640ed_normal.jpeg,https://pbs.twimg.com/profile_images/3781124978/806e9143e3eff14bdefe139e156640ed_normal.jpeg,https://pbs.twimg.com/profile_images/3781124978/806e9143e3eff14bdefe139e156640ed_normal.jpeg,https://pbs.twimg.com/profile_images/3781124978/806e9143e3eff14bdefe139e156640ed_normal.jpeg,https://pbs.twimg.com/profile_images/668482816577957888/2vRG0IJX_normal.jpg,https://pbs.twimg.com/profile_images/1551906952833548289/mMeuork8_normal.jpg,https://pbs.twimg.com/profile_images/1560449914697424896/XGW07fMB_normal.jpg,https://pbs.twimg.com/profile_images/1559509577221124096/fOSjSSJ0_normal.jpg,https://pbs.twimg.com/profile_images/1566584017620586498/N2adxkMF_normal.jpg,https://pbs.twimg.com/profile_images/378800000774931268/e7751186ab569a757db894d71a8a0a94_normal.jpeg,https://pbs.twimg.com/profile_images/3781124978/806e9143e3eff14bdefe139e156640ed_normal.jpeg,https://pbs.twimg.com/profile_images/3781124978/806e9143e3eff14bdefe139e156640ed_normal.jpeg,https://pbs.twimg.com/profile_images/1563715477242662913/ygFdkret_normal.jpg,https://pbs.twimg.com/profile_images/1562812557920210948/Bh6Xpnqs_normal.jpg,https://pbs.twimg.com/profile_images/1564706718671847424/jUSKb-d-_normal.jpg,https://pbs.twimg.com/profile_images/1311840829137326080/MfuJaf09_normal.jpg,https://pbs.twimg.com/profile_images/1555582611275513856/Ti5oqiEj_normal.jpg,https://pbs.twimg.com/profile_images/1564968838495539200/UH5dbya6_normal.jpg,https://pbs.twimg.com/profile_images/883187231531442176/2uKW9yyQ_normal.jpg,https://pbs.twimg.com/profile_images/1513203045030842371/xiR35E5U_normal.jpg,https://pbs.twimg.com/profile_images/1559777118128463872/AiDUK93B_normal.jpg,https://pbs.twimg.com/profile_images/1563941317142409217/24ubV8SV_normal.jpg,https://pbs.twimg.com/profile_images/1569582764525240321/XBRwV28__normal.jpg,https://pbs.twimg.com/profile_images/1407321147708887040/ycrcNjdN_normal.jpg,https://pbs.twimg.com/profile_images/1354723791641821193/PQiEjlFN_normal.jpg,https://pbs.twimg.com/profile_images/1354723791641821193/PQiEjlFN_normal.jpg,https://pbs.twimg.com/profile_images/1530365318391947265/Uxw8QPCM_normal.jpg,https://pbs.twimg.com/profile_images/1559148385835266050/bJDsqoXa_normal.jpg,https://pbs.twimg.com/profile_images/1562687471195811841/kAVYG4yS_normal.jpg,https://pbs.twimg.com/profile_images/1569364797543817216/v4vGoRUC_normal.jpg,https://pbs.twimg.com/profile_images/1569364797543817216/v4vGoRUC_normal.jpg,https://pbs.twimg.com/profile_images/1569364797543817216/v4vGoRUC_normal.jpg,https://pbs.twimg.com/profile_images/1569364797543817216/v4vGoRUC_normal.jpg,https://pbs.twimg.com/profile_images/1491283753578405890/_uxIjqOL_normal.jpg,https://pbs.twimg.com/profile_images/1557187293706059776/lFOS-u5n_normal.jpg,https://pbs.twimg.com/profile_images/1446310264471625731/YfFcAXGM_normal.jpg,https://pbs.twimg.com/profile_images/1311840829137326080/MfuJaf09_normal.jpg,https://pbs.twimg.com/profile_images/1311840829137326080/MfuJaf09_normal.jpg,https://pbs.twimg.com/profile_images/1311840829137326080/MfuJaf09_normal.jpg,https://pbs.twimg.com/profile_images/1311840829137326080/MfuJaf09_normal.jpg,https://pbs.twimg.com/profile_images/1311840829137326080/MfuJaf09_normal.jpg,https://pbs.twimg.com/profile_images/1311840829137326080/MfuJaf09_normal.jpg,https://pbs.twimg.com/profile_images/1480650119372361729/zfov2VFA_normal.jpg,https://pbs.twimg.com/profile_images/1485882423758188547/XLKl0EKT_normal.jpg,https://pbs.twimg.com/profile_images/1311840829137326080/MfuJaf09_normal.jpg,https://pbs.twimg.com/profile_images/1563884324268945408/SUuMFZK__normal.jpg,https://pbs.twimg.com/profile_images/1569364797543817216/v4vGoRUC_normal.jpg,https://pbs.twimg.com/profile_images/1569364797543817216/v4vGoRUC_normal.jpg,https://pbs.twimg.com/profile_images/1569364797543817216/v4vGoRUC_normal.jpg,https://pbs.twimg.com/profile_images/1569364797543817216/v4vGoRUC_normal.jpg,https://pbs.twimg.com/profile_images/1569364797543817216/v4vGoRUC_normal.jpg,https://pbs.twimg.com/profile_images/1569364797543817216/v4vGoRUC_normal.jpg,https://pbs.twimg.com/profile_images/1482260703625216001/gRAneQnF_normal.png,https://pbs.twimg.com/profile_images/1559141753432657920/Tymx3Jnc_normal.jpg,https://pbs.twimg.com/profile_images/1566383168290058241/qnjxL_rB_normal.jpg,https://pbs.twimg.com/profile_images/1566383168290058241/qnjxL_rB_normal.jpg,https://pbs.twimg.com/profile_images/1551259699177488384/l3SbPu9N_normal.jpg
Jual Murah ABC Susu 31 gr (Rtg12X10X31Gr) 120pcs/karton 00J.KPASU.G0313101XX Digitren https://t.co/2qEbTXqc9v #dki-jakarta #jakarta-barat #kopi-bubuk #pt-jaya-utama-santikah,RT @JurixHama: @VicCervantes3 @thetonyclifton1 @oliverQ60061679 @NancyHaddad41 @IMCarson1 @1shotannie @ROCKETMANVIC @We_need1776 @Musksboy‚Ä¶,"@detikcom CARA LEBIH NIKMAT MINUM KOPI
gurih dan nikmat üëç

Nebeng Promo Sedulur NKRI
#UmkmTalagaNatureCulture
Gula Aren Rempah (cair) KINOGY
#diabetesfriendly  seharga Rp15.000. Dapatkan sekarang juga di Shopee! https://t.co/YFjhL0ANo1 https://t.co/edf6zy5FQY","@VicCervantes3 @thetonyclifton1 @oliverQ60061679 @NancyHaddad41 @IMCarson1 @1shotannie @ROCKETMANVIC @We_need1776 @Musksboy @jlee4512093 @TsrLegend @ParrishSeddley @JennLIreland @KarenWi41053829 @Dave51485178 @Vinny88991028 @Vito53904302 CARA LEBIH NIKMAT MINUM KOPI
gurih dan nikmat üëç

Nebeng Promo Sedulur NKRI
#UmkmTalagaNatureCulture
Gula Aren Rempah (cair) KINOGY
#diabetesfriendly  seharga Rp15.000. Dapatkan sekarang juga di Shopee! https://t.co/YFjhL0ANo1 https://t.co/edf6zy5FQY","@VicCervantes3 @thetonyclifton1 @WayneTo76375676 @CountryByrdman @1shotannie @ROCKETMANVIC @LuckiLadi22 @Lindaprentice16 @AlabamaSlammer4 @RichardDumais12 @JniGoode @FalconRain3 @Cerberu34651395 @Jon_Ben_WI @LornaWa71435165 @pReAcHeR211 @lamtetur CARA LEBIH NIKMAT MINUM KOPI
gurih dan nikmat üëç

Nebeng Promo Sedulur NKRI
#UmkmTalagaNatureCulture
Gula Aren Rempah (cair) KINOGY
#diabetesfriendly  seharga Rp15.000. Dapatkan sekarang juga di Shopee! https://t.co/YFjhL0ANo1 https://t.co/edf6zy5FQY","@tatagbuleng CARA LEBIH NIKMAT MINUM KOPI
gurih dan nikmat üëç

Nebeng Promo Sedulur NKRI
#UmkmTalagaNatureCulture
Gula Aren Rempah (cair) KINOGY
#diabetesfriendly  seharga Rp15.000. Dapatkan sekarang juga di Shopee! https://t.co/YFjhL0ANo1 https://t.co/edf6zy5FQY",RT @JurixHama: @Maria_Dzadina @kenhans03 @evry_keke @KataGadisitu_ @ANugrhoho @YayanN62881184 @EmilKris @FawzyAh12351195 @YushinBoshenk @Lo‚Ä¶,Saya menjual Kopi Toraja Robusta  ... seharga Rp94.000. Dapatkan di Shopee sekarang! https://t.co/5EdavNwY7M #ShopeeID https://t.co/MGhWfcAsyT,"@Maria_Dzadina @kenhans03 @evry_keke @KataGadisitu_ @ANugrhoho @YayanN62881184 @EmilKris @FawzyAh12351195 @YushinBoshenk @LogihartoArief @WarsyArsy @Magnoolia02 Terimakasih Kak Maria ü§ò

CARA LEBIH NIKMAT MINUM KOPI
gurih dan nikmat üëç

Nebeng Promo Sedulur NKRI
#UmkmTalagaNatureCulture
Gula Aren Rempah (cair) KINOGY
#diabetesfriendly  seharga Rp15.000. Dapatkan sekarang juga di Shopee! https://t.co/YFjhL0ANo1 https://t.co/edf6zy5FQY",Cek STICKER PRINTING CUTTING VARIO LABEL PRODUK KOPI ABC KEKINIAN/BELI 2 PCS + BONUS UKURAN KECIL dengan harga Rp35.000 - Rp59.000. Dapatkan di Shopee sekarang! https://t.co/AJORh57PdZ https://t.co/RvBo7pSA7o,"RT @MeliaCoffee: #JumatBerkah üíô
Yuk silahkan yg mau order kopi langsung aja ke DM/WA ku 083194535999 atau bs ke Shopee/Tokopedia ku ""MeliaC‚Ä¶","RT @MeliaCoffee: #JumatBerkah üíô
Yuk silahkan yg mau order kopi langsung aja ke DM/WA ku 083194535999 atau bs ke Shopee/Tokopedia ku ""MeliaC‚Ä¶",Saya menjual Melia Coffee 500gram (Kopi Robusta Lampung) seharga Rp63.000. Ayo beli di Shopee! https://t.co/DE0UE1fDym,Saya menjual Melia Coffee 250gram (Kopi Robusta Lampung) seharga Rp33.000. Ayo beli di Shopee! https://t.co/NJEnA1HLxw,"RT @MeliaCoffee: #JumatBerkah üíô
Yuk silahkan yg mau order kopi langsung aja ke DM/WA ku 083194535999 atau bs ke Shopee/Tokopedia ku ""MeliaC‚Ä¶","RT @MeliaCoffee: #JumatBerkah üíô
Yuk silahkan yg mau order kopi langsung aja ke DM/WA ku 083194535999 atau bs ke Shopee/Tokopedia ku ""MeliaC‚Ä¶","RT @MeliaCoffee: #JumatBerkah üíô
Yuk silahkan yg mau order kopi langsung aja ke DM/WA ku 083194535999 atau bs ke Shopee/Tokopedia ku ""MeliaC‚Ä¶","#JumatBerkah üíô
Yuk silahkan yg mau order kopi langsung aja ke DM/WA ku 083194535999 atau bs ke Shopee/Tokopedia ku ""MeliaCoffee""

KOPI ROBUSTA LAMPUNG ‚òï
üëáüèª
#MeliaCoffee
‚òïR.Ori 250gr 33rb

‚òïR.Ori 500gr 63rb

‚òïR.Petik Merah Natural
250gr 60rb

‚òïR.Honey Coffee
250gr 65rb https://t.co/Qndd8lYKyU",Saya menjual Toraja Koffie Kopi Ar... seharga Rp40.000. Dapatkan di Shopee sekarang! https://t.co/fzsJB26HuP #ShopeeID https://t.co/ldj0sCfisj,Saya menjual Kopi Toraja Robusta  ... seharga Rp94.000. Dapatkan di Shopee sekarang! https://t.co/5EdavNwY7M #ShopeeID https://t.co/M5PPCXsQMp,RT @organik_petani: @CasanovaX8X @Maria_Dzadina @Dedeo_S @mahasiswigenz @Reynata___ @anniepwkt @mbambangsugiono @BudiMario007 @liyarikihasa‚Ä¶,Cangkir antik kuno bahan enamel itu seperti apa. Cangkir vintage murah gelas seng jadul gelas kaleng jadul cangkir kopi vektor gelas jadul bandung gelas jadul kalenggelas kaleng jaman dulu. Cangkir hitam putih. Gelas jadul hijau gelas enamel murah su https://t.co/7GHSD9KPxb,Cangkir antik kuno bahan enamel itu seperti apa. Cangkir vintage murah gelas seng jadul gelas kaleng jadul cangkir kopi vektor gelas jadul bandung gelas jadul kalenggelas kaleng jaman dulu. Cangkir hitam putih. Gelas jadul hijau gelas enamel murah su https://t.co/GsCttKsOZl,"@Pandu_Raharja Sebenernya dari Mazhab 2 mau ke Mazhab 1 ga terpaut terlalu jauh, ASALKAN mau repot masak sendiri. Kopi ga harus paling murah, bisa pake biji kopi premium, susu premium. Cost terbesar adalah labor.","@CasanovaX8X @Maria_Dzadina @Dedeo_S @mahasiswigenz @Reynata___ @anniepwkt @mbambangsugiono @BudiMario007 @liyarikihasan_ @Srikandisejati @s1en_2 @Bg_Salman7 @fajarzalukhu @m3lodyku @N_Fadhilaah @arise_lied @Muhayya__ @clara_975 @newIding30 @_sweetsirena @Naomi1974 @JJ__memoryusang @M3ChaN_1 @Sagitarius23_11 @SIWE_NDARA @zi_vot @Celebes26 @cung_alberto @hemaviton99 @HendraSien @just_aya9 @LokoJoyo81 @DimaseLagie @BaraTerpendam @moh_aak CARA LEBIH NIKMAT MINUM KOPI
gurih dan nikmat üëç

Nebeng Promo Sedulur NKRI
#UmkmTalagaNatureCulture
Gula Aren Rempah (cair) KINOGY
#diabetesfriendly  seharga Rp15.000. Dapatkan sekarang juga di Shopee! https://t.co/VAUn1dCjhe https://t.co/KDZzWx122t",Saya menjual Kopi Robusta Toraja  ... seharga Rp55.000. Dapatkan di Shopee sekarang! https://t.co/k69b5NDn7U #ShopeeID https://t.co/SLBprIqqdv,Saya menjual Kopi Toraja Robusta  ... seharga Rp94.000. Dapatkan di Shopee sekarang! https://t.co/5EdavNwY7M #ShopeeID https://t.co/OQsHmFNPiF,Saya menjual Kopi Toraja Robusta  ... seharga Rp94.000. Dapatkan di Shopee sekarang! https://t.co/5EdavNwY7M #ShopeeID https://t.co/XDgV10bDWD,Saya menjual Kopi Toraja Robusta  ... seharga Rp94.000. Dapatkan di Shopee sekarang! https://t.co/5EdavNwY7M #ShopeeID https://t.co/OADVbHao96,Saya menjual Kopi Toraja Robusta  ... seharga Rp94.000. Dapatkan di Shopee sekarang! https://t.co/5EdavNwY7M #ShopeeID https://t.co/DzFuReyEp7,Saya menjual Kopi Toraja Robusta  ... seharga Rp94.000. Dapatkan di Shopee sekarang! https://t.co/5EdavNwY7M #ShopeeID https://t.co/NAA7jMn0sH,Saya menjual Kopi Toraja Robusta  ... seharga Rp94.000. Dapatkan di Shopee sekarang! https://t.co/5EdavNwY7M #ShopeeID https://t.co/kqSs1Pecor,"@ShopeeID CARA LEBIH NIKMAT MINUM KOPI
gurih dan nikmat üëç

Nebeng Promo Sedulur NKRI
#UmkmTalagaNatureCulture
Gula Aren Rempah (cair) KINOGY
#diabetesfriendly  seharga Rp15.000. Dapatkan sekarang juga di Shopee! https://t.co/VAUn1dCjhe https://t.co/KDZzWx122t",Print gelas enamel gelas jadul kaleng. Harga gelas enamel souvenir tempat sablon gelas enamel cangkir kopi enamel cangkir mug jadul gelas jadul hijaucangkir jadul murah bandung. Jual gelas enamel surabaya gelas seng jadul gelas kaleng jadul gambar ca https://t.co/6C2q68lC1p,"@Listy9021 Long live my Presiden üôè

CARA LEBIH NIKMAT MINUM KOPI
gurih dan nikmat üëç

Nebeng Promo Sedulur NKRI
#UmkmTalagaNatureCulture
Gula Aren Rempah (cair) KINOGY
#diabetesfriendly  seharga Rp15.000. Dapatkan sekarang juga di Shopee! https://t.co/VAUn1dCjhe https://t.co/KDZzWx122t","@AzisDadun_ @branjangankawat @bam_abang @_why_yun_ @JuhriSyamsudin @DahliaFita @Opowaelahkeno77 @Saiman73183379 @Ansory_SAR @hilman_070 @Khoirudin_26 @stratocasteraja @TeddyWoga @TreeKedua @LiaAgus28178985 @ju_niza @ezarjunioregain @YusuwaW Selamat pagi Luurüôè

CARA LEBIH NIKMAT MINUM KOPI
gurih dan nikmat üëç

Nebeng Promo Sedulur NKRI
#UmkmTalagaNatureCulture
Gula Aren Rempah (cair) KINOGY
#diabetesfriendly  seharga Rp15.000. Dapatkan sekarang juga di Shopee! https://t.co/VAUn1dCjhe https://t.co/KDZzWx122t",Saya menjual Kopi Toraja Robusta  ... seharga Rp94.000. Dapatkan di Shopee sekarang! https://t.co/5EdavNwY7M #ShopeeID https://t.co/ojjNFS3LvY,Saya menjual Kopi Toraja Robusta  ... seharga Rp94.000. Dapatkan di Shopee sekarang! https://t.co/5EdavNwY7M #ShopeeID https://t.co/M9kWH6uyNc,Saya menjual Kopi Toraja Robusta  ... seharga Rp94.000. Dapatkan di Shopee sekarang! https://t.co/5EdavNwY7M #ShopeeID https://t.co/XGZm4BKZzF,Saya menjual Toraja Koffie Kopi Ar... seharga Rp40.000. Dapatkan di Shopee sekarang! https://t.co/fzsJB26HuP #ShopeeID https://t.co/Bxk48Ojnyn,"2 nasi berlauk, 4 roti telur, 1 roti kosong, 3 teh ais, 1 kopi o, 1 nescafe, 1 milo panas, 1 air suam = RM21.20

Brb, nak pindah Kelantan, murah gila makanan kat sini",Saya menjual Kopi Toraja Robusta  ... seharga Rp94.000. Dapatkan di Shopee sekarang! https://t.co/5EdavNwY7M #ShopeeID https://t.co/gR5ZUtFQv9,Saya menjual Kopi Toraja Kopi Arab... seharga Rp75.000. Dapatkan di Shopee sekarang! https://t.co/KEUK6SJ31v #ShopeeID https://t.co/uY3wrDfC7z,Saya menjual Kopi Toraja Robusta  ... seharga Rp94.000. Dapatkan di Shopee sekarang! https://t.co/5EdavNwY7M #ShopeeID https://t.co/qGI5yfzEHx,Saya menjual Toraja Koffie Kopi A... seharga Rp210.000. Dapatkan di Shopee sekarang! https://t.co/9jrsT3M1j1 #ShopeeID https://t.co/GFNAltgJpf,Saya menjual Toraja Koffie Kopi Ar... seharga Rp40.000. Dapatkan di Shopee sekarang! https://t.co/fzsJB26HuP #ShopeeID https://t.co/tEAUMKzl7D,Saya menjual Toraja Koffie Kopi Ar... seharga Rp40.000. Dapatkan di Shopee sekarang! https://t.co/fzsJB26HuP #ShopeeID https://t.co/IPHFPU205W,"@imrenagi Coba kopi bukik apik bg.
https://t.co/2vBZENSZpC

Klo yg sering dikomsumsi skrg, kopi toraja robusta. Dikarenakan lg pnya byk üòÖ","trus suami anak n sopir beli makan, dikasih tau yg murah ama sopir. bertiga 25k nasi kucing. ya murah
terus sore nya beli pocari kecil 2botol , floridina 1btol, sama es kopi 1cup.masak 24k.heran aku. kan floridina 3k, mahal2nya 5k.pocari kecil 5k jd 3botol 15k.masak kopi 9k","@undipmenfess Jgn yg sachet dong, nder... Beli kopi giling temanggung aja, murah meriah.","Jajan murah anti drama anti ribet üòâ

Janji bakal jajan banyak di Deli2Go?  Kamu bisa dapetin 1 paket pastry / kopi 250 ml tiap transaksi min 100rb dengan bjb DIGI, bjb DigiCash atau bjb debit.

Untuk informasi lebih lanjut cek di https://t.co/lIY8UtviBu 

#bankbjb #deli2go https://t.co/368hCj5nG8","@RonnyYulianto7 Salam kopi shacet .... 
Murah meriah yen aku mas bro ....
üôàü§≠ü§≠ü§≠",@imrenagi https://t.co/HOS8gTlUke abis nyobain ini puas sih,Saya menjual Toraja Koffie Kopi A... seharga Rp210.000. Dapatkan di Shopee sekarang! https://t.co/9jrsT3M1j1 #ShopeeID https://t.co/dRkqa3G9VF,Saya menjual Kopi Toraja Robusta  ... seharga Rp94.000. Dapatkan di Shopee sekarang! https://t.co/5EdavNwY7M #ShopeeID https://t.co/P8cTzgNDO2,"mau buka lagi Shopee ku, kopi tinggal ambil stiker sama beli packaging, terus cemilan mantan tinggal bayar DP ke produksi. 

tapi kenapa kaya mager banget gitu yaa astagaaaa",grgr kopi gue jadi melek trs gabut trs bertransaksi di shopee trs akhirnya duit gue makin dikit. kesimpulannya kopi bikin boros üòÄ,"Akwowkwok ya masa mau ngentot cuma bisa traktir kopi? Mw harga murah mah sewa psk michat noh. Ngatain lonte, tp km sama aja lonte juga kannn, hayooo xixixi üòΩ https://t.co/WLjTaLil81",Saya menjual Gelang Kopi Alami seharga Rp15.000. Dapatkan di Shopee sekarang! https://t.co/5T48T00bg3 #ShopeeID https://t.co/qxCgCSmUQi,"@aulmaulidiana Wowüò±üò±üò±üò±
Cuma 5.000???!!!

üåàVsoy.
https://t.co/mR02eg2CE4
üåàCussons Hair &amp; Body Wash.
https://t.co/QxjGdZPNaV
üåàSGM 1+ Madu.
https://t.co/fKTOEnq59E
üåàSembako Hemat Harian 
(gula 1kg +kopi).
https://t.co/0pqrgMYEMX
üåàMinyak Kayu Putih Caplang.
https://t.co/59G7lMgjYr","@urfavsadg Ohh gara gara kopi,kirain gara gara scroll shopee",Cek Nanhayu K Cup - Laci Kopi Organizer Kopi Kapsul dengan harga Rp156.750. Dapatkan di Shopee sekarang! https://t.co/YrDUZWozqr https://t.co/guDnIFsZgq,RT @JurixHama: @organik_petani @Indomaret @jokowi @Febri90380555 @Rosses1Black @gibran_tweet @ganjarpranowo @Manse_Mangat @NgkongRoses @ana‚Ä¶,dengan apatah tu yang murah. taktau jadi tau sebab bofen duk kenalkan kopi kopi yang dap walaupun tak minat pun kopi,Ini shopee food gatau apa gue butuh kopi üòî,Saya menjual Kopi bubuk 45g dengan potongan 14%! Hanya Rp3.000. Dapatkan segera di Shopee! https://t.co/RQCYS9vFl1 #ShopeeID https://t.co/J1Ydbdr4jL,"Gak lagi2 dah pesen yg ini wkwkwkw mending beli kopi d 180¬∞ mana enak, murah pulak ‚ù§Ô∏èü§å https://t.co/rqTjwCxuMS",Saya menjual GELAS KERAMIK CANTIK... seharga Rp150.000. Dapatkan di Shopee sekarang! https://t.co/YpczUKrTxY #ShopeeID https://t.co/gTmdLgFAPy,Saya menjual GELAS KERAMIK CANTIK... seharga Rp150.000. Dapatkan di Shopee sekarang! https://t.co/YpczUKrTxY #ShopeeID https://t.co/c1gxGSx3a3,"Jann Komplit tenan!!

Isi Paket : 
1. Beras 5KG
2. Minyak Goreng 2L
3. Susu Kental Manis Kaleng 
4. Energen isi 10 
5. Teh Celup Box 
6. Kecap Manis 450 ml 
7. Mie Instan 8 pcs 
8. Sarden 425 gr 
9. Kopi isi 5 sachet
10. Bihun 160 gr 
11. Gula Pasir 1 kg 
https://t.co/0y09pMiHZ1",RT @JurixHama: @organik_petani @Indomaret @jokowi @Febri90380555 @Rosses1Black @gibran_tweet @ganjarpranowo @Manse_Mangat @NgkongRoses @ana‚Ä¶,Super capek bgt tapi ngerasa super kuat juga ü•πüí™üèª. Kopi dan pisang harus jadi sobat baik sumber penambah energi murah meriah üòÖ https://t.co/BiW5Dyd8mp,"@Spotify CARA LEBIH NIKMAT MINUM KOPI
gurih dan nikmat üëç

Nebeng Promo Sedulur NKRI
#UmkmTalagaNatureCulture
Gula Aren Rempah (cair) KINOGY
#diabetesfriendly  seharga Rp15.000. Dapatkan sekarang juga di Shopee! https://t.co/YFjhL0ANo1 https://t.co/edf6zy5FQY","@forjakeu @red1n1earth @Suharso_M @Jiwamudaindo @Kemlu_RI @KementerianLHK @KemenkesRI @PerekonomianRI @Kemenperin_RI @KementerianESDM @kemkominfo @KemenPU @PemprovPapua @PapuaDataNet @SuaraPapua @TorangBisaMaju @papuabaratoke @Info_Jayapura @InfoPapuaBarat_ @LivesPapua @InfoPapua7 CARA LEBIH NIKMAT MINUM KOPI
gurih dan nikmat üëç

Nebeng Promo Sedulur NKRI
#UmkmTalagaNatureCulture
Gula Aren Rempah (cair) KINOGY
#diabetesfriendly  seharga Rp15.000. Dapatkan sekarang juga di Shopee! https://t.co/YFjhL0ANo1 https://t.co/edf6zy5FQY","@indosatim3 CARA LEBIH NIKMAT MINUM KOPI
gurih dan nikmat üëç

Nebeng Promo Sedulur NKRI
#UmkmTalagaNatureCulture
Gula Aren Rempah (cair) KINOGY
#diabetesfriendly  seharga Rp15.000. Dapatkan sekarang juga di Shopee! https://t.co/YFjhL0ANo1 https://t.co/edf6zy5FQY","@organik_petani @Indomaret @jokowi @Febri90380555 @Rosses1Black @gibran_tweet @ganjarpranowo @Manse_Mangat @NgkongRoses @anakranto64 @AtukKe3 @Dennysiregar7 @basuki_btp CARA LEBIH NIKMAT MINUM KOPI
gurih dan nikmat üëç

Nebeng Promo Sedulur NKRI
#UmkmTalagaNatureCulture
Gula Aren Rempah (cair) KINOGY
#diabetesfriendly  seharga Rp15.000. Dapatkan sekarang juga di Shopee! https://t.co/YFjhL0ANo1 https://t.co/edf6zy5FQY","Kerjaan gw selama skripsi adalah kirim kopi, makanan, dan yang paling penting semangat

Makasih mas mas shopee food yang selalu bisa diandalkan untuk menyemangati teman"" saya

Dan thanks sophee nulis alamat nya paling gampang üòò","punya hp ip 14 yg ungu, kalo mau kopi murah beli aja kopi sasetan anjinhhhhhgggg kontollll","‚ú® Paket HEPI DUO Beras Premium SiMantul 5 Kg - Bebas Pilih Aneka Kopi Renceng [Gratis Ongkir] - JKT‚ú®
                
https://t.co/8xaWVsGhmX https://t.co/SjZ7ROgejF","Coba cek ini, deh: ""Gelang Kopi Asli"" Rp15.000 di toko GelangKopiFrekuensi Tokopedia. Bisa Bebas Ongkir, lho. https://t.co/nkbrVJsjKS",Saya menjual Gelang Kopi Alami seharga Rp15.000. Dapatkan produk ini hanya di Shopee! https://t.co/MIfc3ptkIZ #ShopeeID https://t.co/4TWlE9QA36,Saya menjual Gelang Kopi Alami seharga Rp15.000. Dapatkan produk ini hanya di Shopee! https://t.co/MIfc3ptkIZ #ShopeeID https://t.co/gytoUcJ9a1,Saya menjual Gelang Kopi Alami seharga Rp15.000. Dapatkan produk ini hanya di Shopee! https://t.co/8DE1J7PcOy #ShopeeID https://t.co/33hn3NvS1r,Saya menjual Gelang Kopi Alami seharga Rp15.000. Dapatkan produk ini hanya di Shopee! https://t.co/8DE1J7PcOy #ShopeeID https://t.co/rz8Hp8xXXr,Saya menjual Gelang Kopi Alami seharga Rp15.000. Dapatkan produk ini hanya di Shopee! https://t.co/8DE1J7PcOy #ShopeeID https://t.co/bFof2vFcpy,"Di aku , kopi item lebih cepat buat merangsang bab dripada yakult , kalau yakult harus minum 1pack dulu baru kerasa . Tttapi murah kopi item ,hadeuwüò≠","parfum Biji Kopi Bali 1k

 https://t.co/uoxQE261Oo https://t.co/JVia8rUEeA",Saya menjual Gelang Kopi Alami seharga Rp. Dapatkan di Shopee sekarang! https://t.co/5T48T00bg3 #ShopeeID https://t.co/uSknrPu92U,@oreioo @Askrlfess kalo kopi nya murah 2rb an mah ga mulesüò≠,"@rupiahcepat_id CARA LEBIH NIKMAT MINUM KOPI
gurih dan nikmat üëç

Nebeng Promo Sedulur NKRI
#UmkmTalagaNatureCulture
Gula Aren Rempah (cair) KINOGY
#diabetesfriendly  seharga Rp15.000. Dapatkan sekarang juga di Shopee! https://t.co/YFjhL0ANo1 https://t.co/edf6zy5FQY","@beINSPORTSid Long live my Presiden üôè

CARA LEBIH NIKMAT MINUM KOPI
gurih dan nikmat üëç

Nebeng Promo Sedulur NKRI
#UmkmTalagaNatureCulture
Gula Aren Rempah (cair) KINOGY
#diabetesfriendly  seharga Rp15.000. Dapatkan sekarang juga di Shopee! https://t.co/YFjhL0ANo1 https://t.co/edf6zy5FQY","@TwitterDev CARA LEBIH NIKMAT MINUM KOPI
gurih dan nikmat üëç

Nebeng Promo Sedulur NKRI
#UmkmTalagaNatureCulture
Gula Aren Rempah (cair) KINOGY
#diabetesfriendly  seharga Rp15.000. Dapatkan sekarang juga di Shopee! https://t.co/YFjhL0ANo1 https://t.co/edf6zy5FQY","@gofoodindonesia Long live my Presiden üôè

CARA LEBIH NIKMAT MINUM KOPI
gurih dan nikmat üëç

Nebeng Promo Sedulur NKRI
#UmkmTalagaNatureCulture
Gula Aren Rempah (cair) KINOGY
#diabetesfriendly  seharga Rp15.000. Dapatkan sekarang juga di Shopee! https://t.co/YFjhL0ANo1 https://t.co/edf6zy5FQY","@gofoodindonesia CARA LEBIH NIKMAT MINUM KOPI
gurih dan nikmat üëç

Nebeng Promo Sedulur NKRI
#UmkmTalagaNatureCulture
Gula Aren Rempah (cair) KINOGY
#diabetesfriendly  seharga Rp15.000. Dapatkan sekarang juga di Shopee! https://t.co/YFjhL0ANo1 https://t.co/edf6zy5FQY","@bobby_risakotta Pak Dudung dBest!

CARA LEBIH NIKMAT MINUM KOPI
gurih dan nikmat üëç

Nebeng Promo Sedulur NKRI
#UmkmTalagaNatureCulture
Gula Aren Rempah (cair) KINOGY
#diabetesfriendly  seharga Rp15.000. Dapatkan sekarang juga di Shopee! https://t.co/YFjhL0ANo1 https://t.co/edf6zy5FQY",Saya menjual Kopi Rube Joss Full (... seharga Rp59.000. Dapatkan di Shopee sekarang! https://t.co/C6C8vK0eMG #ShopeeID https://t.co/kWbxUfmnGz,"untuk susu dan caramel masih sama kaya resep kopi yang udah dishare sebelumnya. TAPI, aku baru menemukan caramel yang sangat enaaaaqqqqq!!!!!!!!!! This! but i just bought the mini version
https://t.co/T8l7VtQkPj https://t.co/xmwVUybyiW",Saya menjual Melia Coffee 500gram (Kopi Robusta Lampung) seharga Rp63.000. Ayo beli di Shopee! https://t.co/6UxVMIFPKu,Saya menjual Melia Coffee 250gram (Kopi Robusta Lampung) seharga Rp33.000. Ayo beli di Shopee! https://t.co/x24YdXve2u,"Beli kopi yang paling murah, snack yang paling murah, nongkrong di situ 3-6 jam. https://t.co/OeL18fXraj"
